filename,C1,C2,C3,C4,x0,gamma,ierr,message
lmc2_bc10-wd01\cloudy\clumpy\lmc2_bc10-wd01_cloudy_clumpy-s6.32456e+14-t0.1-m0.1-a1_global_lum.table.fits,-5.830570695502526,2.5554830878007118,0.5457725096472757,0.004335674491997623,4.535924210897357,0.8466911586341429,2,The relative error between two consecutive iterates is at most 0.000000
lmc2_bc10-wd01\cloudy\clumpy\lmc2_bc10-wd01_cloudy_clumpy-s6.32456e+14-t0.2-m0.1-a1_global_lum.table.fits,-4.060211162423246,2.043835750472698,0.5972100312841091,-0.07993202837090226,4.557987440936832,0.8598353943613568,2,The relative error between two consecutive iterates is at most 0.000000
lmc2_bc10-wd01\cloudy\clumpy\lmc2_bc10-wd01_cloudy_clumpy-s6.32456e+14-t0.5-m0.1-a1_global_lum.table.fits,-1.8905660419849761,1.364631455699475,0.5726321508724443,-0.12721173965147797,4.559320988346661,0.8189042454325138,5,Number of calls to function has reached maxfev = 100.
lmc2_bc10-wd01\cloudy\clumpy\lmc2_bc10-wd01_cloudy_clumpy-s6.32456e+14-t1.0-m0.1-a1_global_lum.table.fits,0.11141983300838369,0.680018670383543,0.5203087489005412,-0.08837037085731478,4.5872673262005,0.8409989397495875,2,The relative error between two consecutive iterates is at most 0.000000
lmc2_bc10-wd01\cloudy\clumpy\lmc2_bc10-wd01_cloudy_clumpy-s6.32456e+14-t10.0-m0.1-a1_global_lum.table.fits,1.020954224679666,0.07468546431135165,0.0510867131702533,-0.007925053504863343,4.566496830590725,0.8958916615779613,2,The relative error between two consecutive iterates is at most 0.000000
lmc2_bc10-wd01\cloudy\clumpy\lmc2_bc10-wd01_cloudy_clumpy-s6.32456e+14-t2.2-m0.1-a1_global_lum.table.fits,1.0480990348818982,0.27573580617036864,0.2775079464833114,-0.03804875434116672,4.588980705811007,0.9033891326514507,2,The relative error between two consecutive iterates is at most 0.000000
lmc2_bc10-wd01\cloudy\clumpy\lmc2_bc10-wd01_cloudy_clumpy-s6.32456e+14-t4.6-m0.1-a1_global_lum.table.fits,1.1292646338809518,0.11799748302026704,0.10219584275849099,-0.014527876787352238,4.582572791777869,0.9095272336580004,2,The relative error between two consecutive iterates is at most 0.000000
lmc2_bc10-wd01\cloudy\homo\lmc2_bc10-wd01_cloudy_homo-s6.32456e+14-t0.1-m0.1-a1_global_lum.table.fits,-6.539153425266385,2.797393254987536,0.4735783236250947,0.06186476700081572,4.543639739845353,0.850947154896211,2,The relative error between two consecutive iterates is at most 0.000000
lmc2_bc10-wd01\cloudy\homo\lmc2_bc10-wd01_cloudy_homo-s6.32456e+14-t0.2-m0.1-a1_global_lum.table.fits,-5.016019891294939,2.3390890571574516,0.5793000318198849,-0.04637906957588258,4.545914374521455,0.8637706774672523,2,The relative error between two consecutive iterates is at most 0.000000
lmc2_bc10-wd01\cloudy\homo\lmc2_bc10-wd01_cloudy_homo-s6.32456e+14-t0.5-m0.1-a1_global_lum.table.fits,-2.8466990425921974,1.6702612943608752,0.6479500257511067,-0.13050873696855153,4.562249478567327,0.851397196185697,2,The relative error between two consecutive iterates is at most 0.000000
lmc2_bc10-wd01\cloudy\homo\lmc2_bc10-wd01_cloudy_homo-s6.32456e+14-t1.0-m0.1-a1_global_lum.table.fits,-0.3815204306205737,0.8883863236714887,0.5724935990309811,-0.10990164548147305,4.5931065859257885,0.8142661374418987,2,The relative error between two consecutive iterates is at most 0.000000
lmc2_bc10-wd01\cloudy\homo\lmc2_bc10-wd01_cloudy_homo-s6.32456e+14-t10.0-m0.1-a1_global_lum.table.fits,1.0853839050486012,0.06379785485628672,0.059799795538716546,-0.01009984551330776,4.584398601518519,0.9255706028427776,2,The relative error between two consecutive iterates is at most 0.000000
lmc2_bc10-wd01\cloudy\homo\lmc2_bc10-wd01_cloudy_homo-s6.32456e+14-t2.2-m0.1-a1_global_lum.table.fits,0.967140676230469,0.3618352677209147,0.36453630084002164,-0.0524376858105864,4.58764174421639,0.8996740045161461,2,The relative error between two consecutive iterates is at most 0.000000
lmc2_bc10-wd01\cloudy\homo\lmc2_bc10-wd01_cloudy_homo-s6.32456e+14-t4.6-m0.1-a1_global_lum.table.fits,1.1617931911178618,0.134654039616715,0.14054471686203784,-0.020346840977743127,4.583669887466256,0.9218361905363983,2,The relative error between two consecutive iterates is at most 0.000000
lmc2_bc10-wd01\dusty\clumpy\lmc2_bc10-wd01_dusty_clumpy-s6.32456e+14-t0.1-m0.1-a1_global_lum.table.fits,-6.783417036184355,2.8669491205366726,0.4552716925585739,0.09346607346514256,4.537357440436093,0.8486067393904453,2,The relative error between two consecutive iterates is at most 0.000000
lmc2_bc10-wd01\dusty\clumpy\lmc2_bc10-wd01_dusty_clumpy-s6.32456e+14-t0.2-m0.1-a1_global_lum.table.fits,-5.685520034416715,2.520818983695638,0.5531737900881956,0.005504566352073307,4.538409509895366,0.8362403810518005,2,The relative error between two consecutive iterates is at most 0.000000
lmc2_bc10-wd01\dusty\clumpy\lmc2_bc10-wd01_dusty_clumpy-s6.32456e+14-t0.5-m0.1-a1_global_lum.table.fits,-3.8262469828796,1.9647399909517025,0.6180970600578121,-0.08516790986149396,4.555925936608617,0.8651721903733132,2,The relative error between two consecutive iterates is at most 0.000000
lmc2_bc10-wd01\dusty\clumpy\lmc2_bc10-wd01_dusty_clumpy-s6.32456e+14-t1.0-m0.1-a1_global_lum.table.fits,-1.5001291705577289,1.246478933323336,0.5908152241099475,-0.1125874985958141,4.5621455062160265,0.8027544895308935,5,Number of calls to function has reached maxfev = 100.
lmc2_bc10-wd01\dusty\clumpy\lmc2_bc10-wd01_dusty_clumpy-s6.32456e+14-t10.0-m0.1-a1_global_lum.table.fits,0.979962773213911,0.1470640272525305,0.10906843202925469,-0.011299710612100116,4.554427705519916,0.916357811532857,2,The relative error between two consecutive iterates is at most 0.000000
lmc2_bc10-wd01\dusty\clumpy\lmc2_bc10-wd01_dusty_clumpy-s6.32456e+14-t2.2-m0.1-a1_global_lum.table.fits,0.289508706207959,0.6130716563325976,0.5074124703330637,-0.07189228320945575,4.590842165387463,0.8670667972833226,2,The relative error between two consecutive iterates is at most 0.000000
lmc2_bc10-wd01\dusty\clumpy\lmc2_bc10-wd01_dusty_clumpy-s6.32456e+14-t4.6-m0.1-a1_global_lum.table.fits,0.9826371080645142,0.2671455583324539,0.2553921501608876,-0.029059508322659997,4.58044955903128,0.913497826646392,2,The relative error between two consecutive iterates is at most 0.000000
lmc2_bc10-wd01\dusty\homo\lmc2_bc10-wd01_dusty_homo-s6.32456e+14-t0.1-m0.1-a1_global_lum.table.fits,-7.1065824952570935,2.954283485767755,0.4397093905002329,0.12714305417610716,4.5320465491927235,0.8338499884149341,2,The relative error between two consecutive iterates is at most 0.000000
lmc2_bc10-wd01\dusty\homo\lmc2_bc10-wd01_dusty_homo-s6.32456e+14-t0.2-m0.1-a1_global_lum.table.fits,-6.431847914974743,2.7498664828670574,0.4871655757632442,0.07322793065774261,4.531187965026213,0.8419204191032539,2,The relative error between two consecutive iterates is at most 0.000000
lmc2_bc10-wd01\dusty\homo\lmc2_bc10-wd01_dusty_homo-s6.32456e+14-t0.5-m0.1-a1_global_lum.table.fits,-5.154972058672451,2.379236351465581,0.6174546570806253,-0.02843374177372244,4.546588001688227,0.8601399689894169,2,The relative error between two consecutive iterates is at most 0.000000
lmc2_bc10-wd01\dusty\homo\lmc2_bc10-wd01_dusty_homo-s6.32456e+14-t1.0-m0.1-a1_global_lum.table.fits,-2.8911242326872038,1.6814744719826373,0.6622178866455256,-0.0928233521005367,4.551765969498279,0.8377595910662141,5,Number of calls to function has reached maxfev = 100.
lmc2_bc10-wd01\dusty\homo\lmc2_bc10-wd01_dusty_homo-s6.32456e+14-t10.0-m0.1-a1_global_lum.table.fits,0.7744498867790813,0.2828259960490974,0.21670182884037795,-0.02960368374290613,4.585607138380822,0.9079959331664964,2,The relative error between two consecutive iterates is at most 0.000000
lmc2_bc10-wd01\dusty\homo\lmc2_bc10-wd01_dusty_homo-s6.32456e+14-t2.2-m0.1-a1_global_lum.table.fits,-0.7070251779391875,0.9746407375919133,0.5373665365932394,-0.07880511216711521,4.560450823449325,0.8253207323260225,5,Number of calls to function has reached maxfev = 100.
lmc2_bc10-wd01\dusty\homo\lmc2_bc10-wd01_dusty_homo-s6.32456e+14-t4.6-m0.1-a1_global_lum.table.fits,0.4258664312705534,0.5094968044841907,0.32332678075133986,-0.046173671289955934,4.580594325070502,0.8339939660772699,2,The relative error between two consecutive iterates is at most 0.000000
lmc2_bc10-wd01\shell3\clumpy\lmc2_bc10-wd01_shell3_clumpy-s6.32456e+14-t0.1-m0.1-a1_global_lum.table.fits,-7.045966022205637,2.9352956625712583,0.5274704725309595,0.11879909900832379,4.526890971604319,0.8355279073008965,2,The relative error between two consecutive iterates is at most 0.000000
lmc2_bc10-wd01\shell3\clumpy\lmc2_bc10-wd01_shell3_clumpy-s6.32456e+14-t0.2-m0.1-a1_global_lum.table.fits,-6.027143057242539,2.6446665028394936,0.5681772831965689,0.035562075288659886,4.5406341548599425,0.84421389535733,2,The relative error between two consecutive iterates is at most 0.000000
lmc2_bc10-wd01\shell3\clumpy\lmc2_bc10-wd01_shell3_clumpy-s6.32456e+14-t0.5-m0.1-a1_global_lum.table.fits,-4.324816348154272,2.1420690906613093,0.686660012245553,-0.06871570991793624,4.539672642896637,0.8362742817170444,5,Number of calls to function has reached maxfev = 100.
lmc2_bc10-wd01\shell3\clumpy\lmc2_bc10-wd01_shell3_clumpy-s6.32456e+14-t1.0-m0.1-a1_global_lum.table.fits,-1.7309487358309252,1.3404415433864474,0.6876857712336891,-0.10537069597488233,4.570121349627106,0.8319807123611541,5,Number of calls to function has reached maxfev = 100.
lmc2_bc10-wd01\shell3\clumpy\lmc2_bc10-wd01_shell3_clumpy-s6.32456e+14-t10.0-m0.1-a1_global_lum.table.fits,0.6300633639862055,0.26313313591305004,0.14151064338453304,0.0045331056363418125,4.554200305727447,0.9011748450975215,5,Number of calls to function has reached maxfev = 100.
lmc2_bc10-wd01\shell3\clumpy\lmc2_bc10-wd01_shell3_clumpy-s6.32456e+14-t2.2-m0.1-a1_global_lum.table.fits,0.21037109285263228,0.6593143851363017,0.5190048116197014,-0.06020870957754088,4.582277118023799,0.8475992500897005,2,The relative error between two consecutive iterates is at most 0.000000
lmc2_bc10-wd01\shell3\clumpy\lmc2_bc10-wd01_shell3_clumpy-s6.32456e+14-t3.2-m0.1-a1_global_lum.table.fits,0.676600715767355,0.44626968488543917,0.36384610661703165,-0.03258330958188816,4.5777062639823916,0.8642449450390175,2,The relative error between two consecutive iterates is at most 0.000000
lmc2_bc10-wd01\shell3\clumpy\lmc2_bc10-wd01_shell3_clumpy-s6.32456e+14-t4.6-m0.1-a1_global_lum.table.fits,0.806904845349845,0.327143945079201,0.2558666532912824,-0.014378645366206744,4.56000981996745,0.9145385535816901,2,The relative error between two consecutive iterates is at most 0.000000
lmc2_bc10-wd01\shell3\clumpy\lmc2_bc10-wd01_shell3_clumpy-s6.32456e+14-t6.8-m0.1-a1_global_lum.table.fits,0.7550628782577744,0.2720710656994965,0.1807575240772348,-0.0026376435103803372,4.540883163866623,0.9113595180387619,2,The relative error between two consecutive iterates is at most 0.000000
lmc2_bc10-wd01\shell3\homo\lmc2_bc10-wd01_shell3_homo-s6.32456e+14-t0.1-m0.1-a1_global_lum.table.fits,-7.762377521789444,3.1688016138880153,0.4953677810375869,0.21155880489182438,4.528625980805544,0.8409639047397641,2,The relative error between two consecutive iterates is at most 0.000000
lmc2_bc10-wd01\shell3\homo\lmc2_bc10-wd01_shell3_homo-s6.32456e+14-t0.2-m0.1-a1_global_lum.table.fits,-7.610848336590473,3.115591006018945,0.5276392166148945,0.20008113538242653,4.53114894285929,0.832297223373297,2,The relative error between two consecutive iterates is at most 0.000000
lmc2_bc10-wd01\shell3\homo\lmc2_bc10-wd01_shell3_homo-s6.32456e+14-t0.3-m0.1-a1_global_lum.table.fits,-7.2666648535232925,2.9960807081136522,0.5716626087031333,0.18636604797643447,4.534799437874137,0.8440772115684636,2,The relative error between two consecutive iterates is at most 0.000000
lmc2_bc10-wd01\shell3\homo\lmc2_bc10-wd01_shell3_homo-s6.32456e+14-t0.5-m0.1-a1_global_lum.table.fits,-6.960272109184012,2.900637281736288,0.6215538809508846,0.16999210589010222,4.539000284862976,0.8569299011384192,2,The relative error between two consecutive iterates is at most 0.000000
lmc2_bc10-wd01\shell3\homo\lmc2_bc10-wd01_shell3_homo-s6.32456e+14-t0.7-m0.1-a1_global_lum.table.fits,-6.618155418707388,2.812533969397586,0.7060316707559634,0.1582375706191488,4.543658997307028,0.8630520552762285,2,The relative error between two consecutive iterates is at most 0.000000
lmc2_bc10-wd01\shell3\homo\lmc2_bc10-wd01_shell3_homo-s6.32456e+14-t1.0-m0.1-a1_global_lum.table.fits,-6.100595431216936,2.6574555540860954,0.7508549973534019,0.14007750320973616,4.535915809026834,0.8411452084604047,5,Number of calls to function has reached maxfev = 100.
lmc2_bc10-wd01\shell3\homo\lmc2_bc10-wd01_shell3_homo-s6.32456e+14-t1.5-m0.1-a1_global_lum.table.fits,-5.471514470724925,2.477266735322262,0.8433650026591379,0.12617183581934324,4.546656629636908,0.8721452904951951,5,Number of calls to function has reached maxfev = 100.
lmc2_bc10-wd01\shell3\homo\lmc2_bc10-wd01_shell3_homo-s6.32456e+14-t10.0-m0.1-a1_global_lum.table.fits,-3.144488300142734,1.6835103915738072,0.5415890705892147,0.07465715095074134,4.538652640018396,0.8142565923663403,2,The relative error between two consecutive iterates is at most 0.000000
lmc2_bc10-wd01\shell3\homo\lmc2_bc10-wd01_shell3_homo-s6.32456e+14-t2.2-m0.1-a1_global_lum.table.fits,-4.828665347164898,2.2824343725447545,0.8872507776109669,0.10895384176378277,4.553985604029358,0.8871514167172225,5,Number of calls to function has reached maxfev = 100.
lmc2_bc10-wd01\shell3\homo\lmc2_bc10-wd01_shell3_homo-s6.32456e+14-t3.2-m0.1-a1_global_lum.table.fits,-4.081144639829995,2.0648299179407874,0.8694498076270893,0.11228365942545974,4.558855479327813,0.882836850685278,5,Number of calls to function has reached maxfev = 100.
lmc2_bc10-wd01\shell3\homo\lmc2_bc10-wd01_shell3_homo-s6.32456e+14-t4.6-m0.1-a1_global_lum.table.fits,-3.650285701517586,1.8966150266650925,0.842285344186482,0.11348722706844326,4.554372140599431,0.900339825318352,5,Number of calls to function has reached maxfev = 100.
lmc2_bc10-wd01\shell3\homo\lmc2_bc10-wd01_shell3_homo-s6.32456e+14-t6.8-m0.1-a1_global_lum.table.fits,-3.1822675629556616,1.7384110960449835,0.7253709093497114,0.09593394852263137,4.553685965697907,0.8919643206437307,5,Number of calls to function has reached maxfev = 100.
rv31_bc6-wd01\cloudy\clumpy\rv31_bc6-wd01_cloudy_clumpy-s6.32456e+14-t0.1-m0.1-a1_global_lum.table.fits,-0.38797776394244954,0.8473406146722585,2.114853227622143,0.08333984757356246,4.579154815079652,0.9526335520145454,2,The relative error between two consecutive iterates is at most 0.000000
rv31_bc6-wd01\cloudy\clumpy\rv31_bc6-wd01_cloudy_clumpy-s6.32456e+14-t0.2-m0.1-a1_global_lum.table.fits,0.02281653713125898,0.6905137637277334,1.7645423700919267,0.04075430979028173,4.581291314913297,0.9626878173906714,2,The relative error between two consecutive iterates is at most 0.000000
rv31_bc6-wd01\cloudy\clumpy\rv31_bc6-wd01_cloudy_clumpy-s6.32456e+14-t0.5-m0.1-a1_global_lum.table.fits,0.5167789037691619,0.5013916237986396,1.3660932882179355,-0.003965186860590514,4.568850204586665,1.0127754597206549,2,The relative error between two consecutive iterates is at most 0.000000
rv31_bc6-wd01\cloudy\clumpy\rv31_bc6-wd01_cloudy_clumpy-s6.32456e+14-t1.0-m0.1-a1_global_lum.table.fits,1.063892773105845,0.26801278841936377,0.7063441335645286,-0.014988084987362933,4.569553032001571,0.9814974671930212,2,The relative error between two consecutive iterates is at most 0.000000
rv31_bc6-wd01\cloudy\clumpy\rv31_bc6-wd01_cloudy_clumpy-s6.32456e+14-t10.0-m0.1-a1_global_lum.table.fits,1.0489383131192298,0.034983281015903187,0.08899426634957752,-0.0012448241783274568,4.597953454620609,1.0040559560298685,5,Number of calls to function has reached maxfev = 100.
rv31_bc6-wd01\cloudy\clumpy\rv31_bc6-wd01_cloudy_clumpy-s6.32456e+14-t2.2-m0.1-a1_global_lum.table.fits,1.2123921529432786,0.11508349725317508,0.30303830219706734,-0.010132085044316334,4.5653178980494395,0.9905588809630917,2,The relative error between two consecutive iterates is at most 0.000000
rv31_bc6-wd01\cloudy\clumpy\rv31_bc6-wd01_cloudy_clumpy-s6.32456e+14-t4.6-m0.1-a1_global_lum.table.fits,1.1260473358606498,0.054516907086239026,0.138863969192444,-0.004158112989426955,4.559324971987412,0.9793278287245132,2,The relative error between two consecutive iterates is at most 0.000000
rv31_bc6-wd01\cloudy\homo\rv31_bc6-wd01_cloudy_homo-s6.32456e+14-t0.1-m0.1-a1_global_lum.table.fits,-0.5124745052240067,0.8730847875410739,2.2333721025392763,0.10069444362925209,4.583703143415006,0.9648414319585297,2,The relative error between two consecutive iterates is at most 0.000000
rv31_bc6-wd01\cloudy\homo\rv31_bc6-wd01_cloudy_homo-s6.32456e+14-t0.2-m0.1-a1_global_lum.table.fits,-0.22059357278969066,0.775279310531447,2.0948075480684363,0.061565294348060295,4.57121822326996,0.9934920455393597,2,The relative error between two consecutive iterates is at most 0.000000
rv31_bc6-wd01\cloudy\homo\rv31_bc6-wd01_cloudy_homo-s6.32456e+14-t0.5-m0.1-a1_global_lum.table.fits,0.30037074914043266,0.5874472841481342,1.6126094479875746,0.01047457058257134,4.570588764340698,1.0078423254278992,2,The relative error between two consecutive iterates is at most 0.000000
rv31_bc6-wd01\cloudy\homo\rv31_bc6-wd01_cloudy_homo-s6.32456e+14-t1.0-m0.1-a1_global_lum.table.fits,0.9371475266234355,0.3381691605905325,0.91343541003241,-0.015205374889930285,4.567490625956064,0.9781524680276019,2,The relative error between two consecutive iterates is at most 0.000000
rv31_bc6-wd01\cloudy\homo\rv31_bc6-wd01_cloudy_homo-s6.32456e+14-t10.0-m0.1-a1_global_lum.table.fits,1.0851475108021216,0.030151880867750044,0.06952273956950912,-0.0032040023908284005,4.582798517961569,0.9687404819792719,2,The relative error between two consecutive iterates is at most 0.000000
rv31_bc6-wd01\cloudy\homo\rv31_bc6-wd01_cloudy_homo-s6.32456e+14-t2.2-m0.1-a1_global_lum.table.fits,1.2267605361048046,0.14321038820203166,0.3975800162843341,-0.012008180719909403,4.562247242016053,0.9992044299851375,2,The relative error between two consecutive iterates is at most 0.000000
rv31_bc6-wd01\cloudy\homo\rv31_bc6-wd01_cloudy_homo-s6.32456e+14-t4.6-m0.1-a1_global_lum.table.fits,1.176443952982726,0.058942214244200986,0.14624671003658063,-0.005787755629587973,4.560593283125385,0.9941668304183802,2,The relative error between two consecutive iterates is at most 0.000000
rv31_bc6-wd01\dusty\clumpy\rv31_bc6-wd01_dusty_clumpy-s6.32456e+14-t0.1-m0.1-a1_global_lum.table.fits,-0.545034511843061,0.891713510128599,2.248162538660944,0.11347581451004624,4.583846022147038,0.9533199708239134,2,The relative error between two consecutive iterates is at most 0.000000
rv31_bc6-wd01\dusty\clumpy\rv31_bc6-wd01_dusty_clumpy-s6.32456e+14-t0.2-m0.1-a1_global_lum.table.fits,-0.33179934489219126,0.8122459765826314,2.1341110105755883,0.08069701451793292,4.5763633106603,0.9779221604482571,2,The relative error between two consecutive iterates is at most 0.000000
rv31_bc6-wd01\dusty\clumpy\rv31_bc6-wd01_dusty_clumpy-s6.32456e+14-t0.5-m0.1-a1_global_lum.table.fits,0.05619897309578501,0.6600699349064753,1.7906200024147205,0.03551260344443755,4.574372027851419,0.9875684093925433,2,The relative error between two consecutive iterates is at most 0.000000
rv31_bc6-wd01\dusty\clumpy\rv31_bc6-wd01_dusty_clumpy-s6.32456e+14-t1.0-m0.1-a1_global_lum.table.fits,0.5987683858478756,0.4495129375603788,1.302418700209785,-0.001457858096524971,4.563391549813161,1.0218021543579752,2,The relative error between two consecutive iterates is at most 0.000000
rv31_bc6-wd01\dusty\clumpy\rv31_bc6-wd01_dusty_clumpy-s6.32456e+14-t10.0-m0.1-a1_global_lum.table.fits,1.0781608270086753,0.0655467366123853,0.19208540791518935,-0.0004956403860589812,4.5523527067414475,1.0370709010619439,2,The relative error between two consecutive iterates is at most 0.000000
rv31_bc6-wd01\dusty\clumpy\rv31_bc6-wd01_dusty_clumpy-s6.32456e+14-t2.2-m0.1-a1_global_lum.table.fits,1.090610078188052,0.2369322587195718,0.6701389873944419,-0.010009462559306334,4.564071876111453,0.9976422755638366,2,The relative error between two consecutive iterates is at most 0.000000
rv31_bc6-wd01\dusty\clumpy\rv31_bc6-wd01_dusty_clumpy-s6.32456e+14-t4.6-m0.1-a1_global_lum.table.fits,1.1932856757181216,0.10747478553947397,0.291620975408938,-0.004252856191086785,4.561836313056925,0.9785250307347035,2,The relative error between two consecutive iterates is at most 0.000000
rv31_bc6-wd01\dusty\homo\rv31_bc6-wd01_dusty_homo-s6.32456e+14-t0.1-m0.1-a1_global_lum.table.fits,-0.6016308198609487,0.9141811882206169,2.300128476239283,0.12420570150424093,4.582772748486525,0.9552394788311017,2,The relative error between two consecutive iterates is at most 0.000000
rv31_bc6-wd01\dusty\homo\rv31_bc6-wd01_dusty_homo-s6.32456e+14-t0.2-m0.1-a1_global_lum.table.fits,-0.4801138896977402,0.8651730097685683,2.284341046401326,0.10763771637709764,4.58078522859033,0.9726666459110305,2,The relative error between two consecutive iterates is at most 0.000000
rv31_bc6-wd01\dusty\homo\rv31_bc6-wd01_dusty_homo-s6.32456e+14-t0.5-m0.1-a1_global_lum.table.fits,-0.1983105662981266,0.7609049975130109,1.9922706101678853,0.06757553079420929,4.579416342423058,0.9611744771773827,2,The relative error between two consecutive iterates is at most 0.000000
rv31_bc6-wd01\dusty\homo\rv31_bc6-wd01_dusty_homo-s6.32456e+14-t1.0-m0.1-a1_global_lum.table.fits,0.27557171556725973,0.5834038121089141,1.6853781826633325,0.023361891086806277,4.569077283583312,1.0067320098824544,2,The relative error between two consecutive iterates is at most 0.000000
rv31_bc6-wd01\dusty\homo\rv31_bc6-wd01_dusty_homo-s6.32456e+14-t10.0-m0.1-a1_global_lum.table.fits,1.0746451056828041,0.12299724586842864,0.3603370074682254,-0.0022736390173909347,4.55909028624978,1.0082350052677311,2,The relative error between two consecutive iterates is at most 0.000000
rv31_bc6-wd01\dusty\homo\rv31_bc6-wd01_dusty_homo-s6.32456e+14-t2.2-m0.1-a1_global_lum.table.fits,0.8297102799216239,0.35954759153990495,1.110621944036055,0.0025143201742589133,4.558745721770682,1.0334962438844804,2,The relative error between two consecutive iterates is at most 0.000000
rv31_bc6-wd01\dusty\homo\rv31_bc6-wd01_dusty_homo-s6.32456e+14-t4.6-m0.1-a1_global_lum.table.fits,1.058838211471585,0.20005651682697403,0.5569754397034716,-0.0014629228167092707,4.567667636690762,0.9778314006549937,2,The relative error between two consecutive iterates is at most 0.000000
rv31_bc6-wd01\shell3\clumpy\rv31_bc6-wd01_shell3_clumpy-s6.32456e+14-t0.1-m0.1-a1_global_lum.table.fits,-0.5999287194533751,0.9179712580934973,2.335269796427426,0.12155912220761497,4.58265173124482,0.9562194370448927,2,The relative error between two consecutive iterates is at most 0.000000
rv31_bc6-wd01\shell3\clumpy\rv31_bc6-wd01_shell3_clumpy-s6.32456e+14-t0.2-m0.1-a1_global_lum.table.fits,-0.3721213783255371,0.829082990158701,2.151533699349408,0.09251125257562885,4.5800983364474215,0.958921439327032,2,The relative error between two consecutive iterates is at most 0.000000
rv31_bc6-wd01\shell3\clumpy\rv31_bc6-wd01_shell3_clumpy-s6.32456e+14-t0.5-m0.1-a1_global_lum.table.fits,-0.02158620258223883,0.6944521680378999,2.0114672773277245,0.049367877535066905,4.572307692936836,0.999300164311429,2,The relative error between two consecutive iterates is at most 0.000000
rv31_bc6-wd01\shell3\clumpy\rv31_bc6-wd01_shell3_clumpy-s6.32456e+14-t1.0-m0.1-a1_global_lum.table.fits,0.582650985197636,0.4767615929467759,1.4808572651150973,0.008395183436931535,4.565834495169127,1.0215845450349028,2,The relative error between two consecutive iterates is at most 0.000000
rv31_bc6-wd01\shell3\clumpy\rv31_bc6-wd01_shell3_clumpy-s6.32456e+14-t10.0-m0.1-a1_global_lum.table.fits,0.993004224650193,0.10498389075842893,0.33910956715900703,0.01310259537664711,4.572682957843115,0.9736799509658881,2,The relative error between two consecutive iterates is at most 0.000000
rv31_bc6-wd01\shell3\clumpy\rv31_bc6-wd01_shell3_clumpy-s6.32456e+14-t2.2-m0.1-a1_global_lum.table.fits,1.0961296368194033,0.24742276223391255,0.7292714482828456,-0.002905425110802751,4.5658333620632074,0.9801638827784869,2,The relative error between two consecutive iterates is at most 0.000000
rv31_bc6-wd01\shell3\clumpy\rv31_bc6-wd01_shell3_clumpy-s6.32456e+14-t4.6-m0.1-a1_global_lum.table.fits,1.1479179618081305,0.12557917636611624,0.3853557999556312,0.004945009774587341,4.560948189834316,0.9820744635093915,2,The relative error between two consecutive iterates is at most 0.000000
rv31_bc6-wd01\shell3\homo\rv31_bc6-wd01_shell3_homo-s6.32456e+14-t0.1-m0.1-a1_global_lum.table.fits,-0.7513331883160856,0.9671605690760928,2.4913285649018433,0.14991878002386588,4.579337696465454,0.9529443893213472,2,The relative error between two consecutive iterates is at most 0.000000
rv31_bc6-wd01\shell3\homo\rv31_bc6-wd01_shell3_homo-s6.32456e+14-t0.2-m0.1-a1_global_lum.table.fits,-0.6765517485303284,0.9322839915516582,2.5711885525747236,0.14886175019480014,4.579534324708703,0.9727552436186542,2,The relative error between two consecutive iterates is at most 0.000000
rv31_bc6-wd01\shell3\homo\rv31_bc6-wd01_shell3_homo-s6.32456e+14-t0.3-m0.1-a1_global_lum.table.fits,-0.6011351431937738,0.9037481270938345,2.45569977693632,0.14481524281104136,4.582292598849547,0.954189784583929,2,The relative error between two consecutive iterates is at most 0.000000
rv31_bc6-wd01\shell3\homo\rv31_bc6-wd01_shell3_homo-s6.32456e+14-t0.5-m0.1-a1_global_lum.table.fits,-0.534507003795623,0.8792092212896851,2.450677114411553,0.14092480647331118,4.581227112634317,0.9555463719319517,2,The relative error between two consecutive iterates is at most 0.000000
rv31_bc6-wd01\shell3\homo\rv31_bc6-wd01_shell3_homo-s6.32456e+14-t0.7-m0.1-a1_global_lum.table.fits,-0.46535130533003544,0.8422034858573918,2.5458112277509137,0.13531383407101424,4.575619445353034,0.9815058204586433,2,The relative error between two consecutive iterates is at most 0.000000
rv31_bc6-wd01\shell3\homo\rv31_bc6-wd01_shell3_homo-s6.32456e+14-t1.0-m0.1-a1_global_lum.table.fits,-0.3376142028255003,0.7918671491244442,2.529811726990104,0.1292874656204989,4.57463985255057,0.9911687942583514,2,The relative error between two consecutive iterates is at most 0.000000
rv31_bc6-wd01\shell3\homo\rv31_bc6-wd01_shell3_homo-s6.32456e+14-t1.5-m0.1-a1_global_lum.table.fits,-0.17677455584791857,0.742009732814615,2.4773032542353897,0.12413127151817586,4.572391728322621,0.9985059963812579,2,The relative error between two consecutive iterates is at most 0.000000
rv31_bc6-wd01\shell3\homo\rv31_bc6-wd01_shell3_homo-s6.32456e+14-t10.0-m0.1-a1_global_lum.table.fits,0.2783828836424597,0.530900804606114,1.796157145327698,0.11021043680895794,4.554360165088029,0.9507417531868618,2,The relative error between two consecutive iterates is at most 0.000000
rv31_bc6-wd01\shell3\homo\rv31_bc6-wd01_shell3_homo-s6.32456e+14-t2.2-m0.1-a1_global_lum.table.fits,-0.038315612658216584,0.6881094043900614,2.402873486752285,0.11643228346765265,4.57126147536213,1.004472470785398,2,The relative error between two consecutive iterates is at most 0.000000
rv31_bc6-wd01\shell3\homo\rv31_bc6-wd01_shell3_homo-s6.32456e+14-t3.2-m0.1-a1_global_lum.table.fits,0.11577676529498651,0.6330246308308921,2.2833692302797286,0.11120959472416314,4.570962847471517,1.008182647697996,2,The relative error between two consecutive iterates is at most 0.000000
rv31_bc6-wd01\shell3\homo\rv31_bc6-wd01_shell3_homo-s6.32456e+14-t4.6-m0.1-a1_global_lum.table.fits,0.28214125915083016,0.56968603094777,2.1652864646535797,0.11341679436497502,4.570989647409935,1.011568527116195,2,The relative error between two consecutive iterates is at most 0.000000
rv31_bc6-wd01\shell3\homo\rv31_bc6-wd01_shell3_homo-s6.32456e+14-t6.8-m0.1-a1_global_lum.table.fits,0.2912488934831148,0.5442076497114192,2.0511611847675644,0.11696533480006897,4.571252208145846,1.017400720600262,2,The relative error between two consecutive iterates is at most 0.000000
smcbar-wd01\cloudy\clumpy\smcbar-wd01_cloudy_clumpy-s6.32456e+14-t0.1-m0.1-a1_global_lum.table.fits,-7.6706045786667865,2.695831057626172,-1.0,-0.11208511081556663,4.5221283286933325,0.7859124205060628,2,The relative error between two consecutive iterates is at most 0.000000
smcbar-wd01\cloudy\clumpy\smcbar-wd01_cloudy_clumpy-s6.32456e+14-t0.2-m0.1-a1_global_lum.table.fits,-5.290949899846578,2.070579911712409,-1.0,-0.17257512584675386,4.536843648972003,0.8003212294683392,2,The relative error between two consecutive iterates is at most 0.000000
smcbar-wd01\cloudy\clumpy\smcbar-wd01_cloudy_clumpy-s6.32456e+14-t0.5-m0.1-a1_global_lum.table.fits,-2.7647889492338527,1.3666236689617781,-0.7790176902558453,-0.17718691918365714,4.5910565582089795,0.8314316848435752,2,The relative error between two consecutive iterates is at most 0.000000
smcbar-wd01\cloudy\clumpy\smcbar-wd01_cloudy_clumpy-s6.32456e+14-t1.0-m0.1-a1_global_lum.table.fits,-0.5443323211640766,0.6882432136343258,-0.25063620690532873,-0.1066091095500326,4.646382150888661,0.8501092179770637,2,The relative error between two consecutive iterates is at most 0.000000
smcbar-wd01\cloudy\clumpy\smcbar-wd01_cloudy_clumpy-s6.32456e+14-t10.0-m0.1-a1_global_lum.table.fits,0.8233995619235516,0.0932553866210434,-0.04660228348289872,-0.012554380041331413,4.632665884823717,0.8854110505529939,2,The relative error between two consecutive iterates is at most 0.000000
smcbar-wd01\cloudy\clumpy\smcbar-wd01_cloudy_clumpy-s6.32456e+14-t2.2-m0.1-a1_global_lum.table.fits,0.5210821098697659,0.30224239557558313,-0.05809204505341422,-0.04838506652541264,4.637307346555678,0.905397937726503,2,The relative error between two consecutive iterates is at most 0.000000
smcbar-wd01\cloudy\clumpy\smcbar-wd01_cloudy_clumpy-s6.32456e+14-t4.6-m0.1-a1_global_lum.table.fits,0.8073624555357735,0.14475311750461695,-0.03771151415204036,-0.02136392966724675,4.613266333668875,0.9332012806052434,2,The relative error between two consecutive iterates is at most 0.000000
smcbar-wd01\cloudy\homo\smcbar-wd01_cloudy_homo-s6.32456e+14-t0.1-m0.1-a1_global_lum.table.fits,-8.398165807899963,2.8843377303410977,-1.0,-0.06938656804623611,4.515245607881873,0.7830710988244065,2,The relative error between two consecutive iterates is at most 0.000000
smcbar-wd01\cloudy\homo\smcbar-wd01_cloudy_homo-s6.32456e+14-t0.2-m0.1-a1_global_lum.table.fits,-6.6983983617726,2.45051908220737,-1.0,-0.16695499678585274,4.531528546028042,0.8022954286610362,2,The relative error between two consecutive iterates is at most 0.000000
smcbar-wd01\cloudy\homo\smcbar-wd01_cloudy_homo-s6.32456e+14-t0.5-m0.1-a1_global_lum.table.fits,-3.7988166322366097,1.6683854817794614,-1.0,-0.1977152315982203,4.569170913703309,0.8370019692985735,2,The relative error between two consecutive iterates is at most 0.000000
smcbar-wd01\cloudy\homo\smcbar-wd01_cloudy_homo-s6.32456e+14-t1.0-m0.1-a1_global_lum.table.fits,-1.1572052712960321,0.8885104534595346,-0.3371692902405388,-0.1367684787249713,4.642717352371193,0.8093877667159819,2,The relative error between two consecutive iterates is at most 0.000000
smcbar-wd01\cloudy\homo\smcbar-wd01_cloudy_homo-s6.32456e+14-t10.0-m0.1-a1_global_lum.table.fits,0.8994338883341428,0.07580878455941095,-0.015767144340843267,-0.01341177951593686,4.65647860863257,0.8488811807258606,2,The relative error between two consecutive iterates is at most 0.000000
smcbar-wd01\cloudy\homo\smcbar-wd01_cloudy_homo-s6.32456e+14-t2.2-m0.1-a1_global_lum.table.fits,0.37746147072192326,0.3752584002254675,-0.06748957133353344,-0.06328982549762634,4.647760518027351,0.890013409510044,2,The relative error between two consecutive iterates is at most 0.000000
smcbar-wd01\cloudy\homo\smcbar-wd01_cloudy_homo-s6.32456e+14-t4.6-m0.1-a1_global_lum.table.fits,0.8266632992418341,0.1531038668520519,-0.017935269062958156,-0.026752773502944898,4.6693399195911365,0.8469368139478028,2,The relative error between two consecutive iterates is at most 0.000000
smcbar-wd01\dusty\clumpy\smcbar-wd01_dusty_clumpy-s6.32456e+14-t0.1-m0.1-a1_global_lum.table.fits,-8.832785485722779,3.007029714857151,-1.0,-0.030401778825045054,4.510737434657821,0.7774311022136842,2,The relative error between two consecutive iterates is at most 0.000000
smcbar-wd01\dusty\clumpy\smcbar-wd01_dusty_clumpy-s6.32456e+14-t0.2-m0.1-a1_global_lum.table.fits,-7.510050069774162,2.6537585498507896,-1.0,-0.11899613195539854,4.522369990043712,0.786663732357659,2,The relative error between two consecutive iterates is at most 0.000000
smcbar-wd01\dusty\clumpy\smcbar-wd01_dusty_clumpy-s6.32456e+14-t0.5-m0.1-a1_global_lum.table.fits,-5.220465205844247,2.0634045853329392,-1.0,-0.18186335112700114,4.547653039895088,0.8082479435832626,2,The relative error between two consecutive iterates is at most 0.000000
smcbar-wd01\dusty\clumpy\smcbar-wd01_dusty_clumpy-s6.32456e+14-t1.0-m0.1-a1_global_lum.table.fits,-2.451308139318035,1.283832216518179,-0.6668924366357558,-0.1634418116496075,4.596287676779924,0.8347543175039288,2,The relative error between two consecutive iterates is at most 0.000000
smcbar-wd01\dusty\clumpy\smcbar-wd01_dusty_clumpy-s6.32456e+14-t10.0-m0.1-a1_global_lum.table.fits,0.6468720051060318,0.1853887008402203,-0.07441503825653033,-0.019833690470087945,4.611385021289572,0.8605464037794058,2,The relative error between two consecutive iterates is at most 0.000000
smcbar-wd01\dusty\clumpy\smcbar-wd01_dusty_clumpy-s6.32456e+14-t2.2-m0.1-a1_global_lum.table.fits,-0.3937578344747018,0.6426477411286549,-0.19039465135774114,-0.09274468395272578,4.6551228781791,0.8091844046969859,2,The relative error between two consecutive iterates is at most 0.000000
smcbar-wd01\dusty\clumpy\smcbar-wd01_dusty_clumpy-s6.32456e+14-t4.6-m0.1-a1_global_lum.table.fits,0.48878357634174535,0.3026658577122526,-0.0713435105596656,-0.03987103172309869,4.641119976765626,0.8585056448858083,2,The relative error between two consecutive iterates is at most 0.000000
smcbar-wd01\dusty\homo\smcbar-wd01_dusty_homo-s6.32456e+14-t0.1-m0.1-a1_global_lum.table.fits,-9.387026001262205,3.148566769495083,-1.0,0.014303339572825126,4.5,0.7792110277569687,2,The relative error between two consecutive iterates is at most 0.000000
smcbar-wd01\dusty\homo\smcbar-wd01_dusty_homo-s6.32456e+14-t0.2-m0.1-a1_global_lum.table.fits,-8.700030809770992,2.9735845644338235,-1.0,-0.05893256495289476,4.509721379780726,0.7660382259721671,2,The relative error between two consecutive iterates is at most 0.000000
smcbar-wd01\dusty\homo\smcbar-wd01_dusty_homo-s6.32456e+14-t0.5-m0.1-a1_global_lum.table.fits,-7.023869217206699,2.5536727890563315,-1.0,-0.15162350634650254,4.530740418625541,0.7993733081824332,2,The relative error between two consecutive iterates is at most 0.000000
smcbar-wd01\dusty\homo\smcbar-wd01_dusty_homo-s6.32456e+14-t1.0-m0.1-a1_global_lum.table.fits,-4.176956166014995,1.7944145579818709,-1.0,-0.1695329600193967,4.567266014976706,0.8292307268240884,2,The relative error between two consecutive iterates is at most 0.000000
smcbar-wd01\dusty\homo\smcbar-wd01_dusty_homo-s6.32456e+14-t10.0-m0.1-a1_global_lum.table.fits,0.3535487806902043,0.32641971952864807,-0.10806691957202755,-0.045132978727548914,4.631082475682588,0.8550227991926485,2,The relative error between two consecutive iterates is at most 0.000000
smcbar-wd01\dusty\homo\smcbar-wd01_dusty_homo-s6.32456e+14-t2.2-m0.1-a1_global_lum.table.fits,-1.713257845563635,1.0669760155140833,-0.46261188400348413,-0.12326530264976343,4.604440320564102,0.8368015213274773,2,The relative error between two consecutive iterates is at most 0.000000
smcbar-wd01\dusty\homo\smcbar-wd01_dusty_homo-s6.32456e+14-t4.6-m0.1-a1_global_lum.table.fits,-0.2614262946513829,0.5738657204264515,-0.20930155382498344,-0.07187510233226707,4.624047919553447,0.836006427017262,2,The relative error between two consecutive iterates is at most 0.000000
smcbar-wd01\shell3\clumpy\smcbar-wd01_shell3_clumpy-s6.32456e+14-t0.1-m0.1-a1_global_lum.table.fits,-9.218660884598123,3.115848913112344,-1.0,-0.01243481781674583,4.506837000424777,0.7826726357118474,2,The relative error between two consecutive iterates is at most 0.000000
smcbar-wd01\shell3\clumpy\smcbar-wd01_shell3_clumpy-s6.32456e+14-t0.2-m0.1-a1_global_lum.table.fits,-8.228221967517237,2.8612322658554037,-1.0,-0.10093062163473182,4.518923048467492,0.7781701079932876,2,The relative error between two consecutive iterates is at most 0.000000
smcbar-wd01\shell3\clumpy\smcbar-wd01_shell3_clumpy-s6.32456e+14-t0.5-m0.1-a1_global_lum.table.fits,-5.922769018636135,2.2748899188939777,-1.0,-0.18002807208850644,4.5420624807164485,0.796936490171423,2,The relative error between two consecutive iterates is at most 0.000000
smcbar-wd01\shell3\clumpy\smcbar-wd01_shell3_clumpy-s6.32456e+14-t1.0-m0.1-a1_global_lum.table.fits,-2.858684938448289,1.4371037421853528,-0.6958862959498501,-0.16964372348154258,4.599004339969159,0.8403918166124738,2,The relative error between two consecutive iterates is at most 0.000000
smcbar-wd01\shell3\clumpy\smcbar-wd01_shell3_clumpy-s6.32456e+14-t10.0-m0.1-a1_global_lum.table.fits,0.05474942258818583,0.3735276581440477,-0.18657994355983556,-0.008423022303553313,4.5721566058417045,0.8894206940513638,2,The relative error between two consecutive iterates is at most 0.000000
smcbar-wd01\shell3\clumpy\smcbar-wd01_shell3_clumpy-s6.32456e+14-t2.2-m0.1-a1_global_lum.table.fits,-0.5675215914507946,0.7188234400041369,-0.20297803582044915,-0.0825472149435871,4.635929375970179,0.8598462578225652,2,The relative error between two consecutive iterates is at most 0.000000
smcbar-wd01\shell3\clumpy\smcbar-wd01_shell3_clumpy-s6.32456e+14-t3.2-m0.1-a1_global_lum.table.fits,-0.05042015683861597,0.5206774781055539,-0.12907058328432075,-0.05043009162129605,4.63119709029627,0.8350799388680782,2,The relative error between two consecutive iterates is at most 0.000000
smcbar-wd01\shell3\clumpy\smcbar-wd01_shell3_clumpy-s6.32456e+14-t4.6-m0.1-a1_global_lum.table.fits,0.16798225862395866,0.4096010886514994,-0.1338927252517552,-0.028862150321486105,4.603428612011308,0.858545495232536,2,The relative error between two consecutive iterates is at most 0.000000
smcbar-wd01\shell3\clumpy\smcbar-wd01_shell3_clumpy-s6.32456e+14-t6.8-m0.1-a1_global_lum.table.fits,0.18510071904983033,0.36242062901105415,-0.15152517710364544,-0.015559117442271047,4.573452259084703,0.8674732959291822,2,The relative error between two consecutive iterates is at most 0.000000
smcbar-wd01\shell3\homo\smcbar-wd01_shell3_homo-s6.32456e+14-t0.1-m0.1-a1_global_lum.table.fits,-10.0,3.419528584478013,-1.0,0.06990689079775884,4.5,0.7646238559770114,2,The relative error between two consecutive iterates is at most 0.000000
smcbar-wd01\shell3\homo\smcbar-wd01_shell3_homo-s6.32456e+14-t0.2-m0.1-a1_global_lum.table.fits,-10.0,3.4503216921253594,-1.0,0.07007001912968577,4.5,0.7647502275186328,2,The relative error between two consecutive iterates is at most 0.000000
smcbar-wd01\shell3\homo\smcbar-wd01_shell3_homo-s6.32456e+14-t0.3-m0.1-a1_global_lum.table.fits,-10.0,3.4469111008342788,-1.0,0.0604027577128662,4.5,0.7457130538402483,2,The relative error between two consecutive iterates is at most 0.000000
smcbar-wd01\shell3\homo\smcbar-wd01_shell3_homo-s6.32456e+14-t0.5-m0.1-a1_global_lum.table.fits,-10.0,3.4419549407085595,-1.0,0.0505477534072005,4.507637314432675,0.7593868976005788,2,The relative error between two consecutive iterates is at most 0.000000
smcbar-wd01\shell3\homo\smcbar-wd01_shell3_homo-s6.32456e+14-t0.7-m0.1-a1_global_lum.table.fits,-10.0,3.440418516220398,-1.0,0.0350419172637456,4.507877905461509,0.7612123794144415,2,The relative error between two consecutive iterates is at most 0.000000
smcbar-wd01\shell3\homo\smcbar-wd01_shell3_homo-s6.32456e+14-t1.0-m0.1-a1_global_lum.table.fits,-9.726712103916656,3.3441786102318094,-1.0,0.017059036043701542,4.516578888501829,0.7792647158137649,2,The relative error between two consecutive iterates is at most 0.000000
smcbar-wd01\shell3\homo\smcbar-wd01_shell3_homo-s6.32456e+14-t1.5-m0.1-a1_global_lum.table.fits,-9.077362056198387,3.1955515643068773,-1.0,0.0053188426309348,4.523188317400293,0.7873041794980563,2,The relative error between two consecutive iterates is at most 0.000000
smcbar-wd01\shell3\homo\smcbar-wd01_shell3_homo-s6.32456e+14-t10.0-m0.1-a1_global_lum.table.fits,-6.427208290940185,2.443227074594325,-1.0,-0.06323536416464913,4.521969276905668,0.827502095160373,2,The relative error between two consecutive iterates is at most 0.000000
smcbar-wd01\shell3\homo\smcbar-wd01_shell3_homo-s6.32456e+14-t2.2-m0.1-a1_global_lum.table.fits,-8.342609593156498,3.0113235565324636,-1.0,-0.009915453379833851,4.527040164494493,0.8010243133242358,2,The relative error between two consecutive iterates is at most 0.000000
smcbar-wd01\shell3\homo\smcbar-wd01_shell3_homo-s6.32456e+14-t3.2-m0.1-a1_global_lum.table.fits,-7.866252000490485,2.8626938282431444,-1.0,-0.06527587048359236,4.52432260430118,0.8241328453481104,2,The relative error between two consecutive iterates is at most 0.000000
smcbar-wd01\shell3\homo\smcbar-wd01_shell3_homo-s6.32456e+14-t4.6-m0.1-a1_global_lum.table.fits,-6.9710510534143975,2.6128620216662055,-1.0,0.02250395790150207,4.530218817504134,0.8376340876734509,2,The relative error between two consecutive iterates is at most 0.000000
smcbar-wd01\shell3\homo\smcbar-wd01_shell3_homo-s6.32456e+14-t6.8-m0.1-a1_global_lum.table.fits,-6.707172525887523,2.5293231375792673,-1.0,-0.01730539526631594,4.528185596924035,0.8397979432598282,2,The relative error between two consecutive iterates is at most 0.000000
